lu,lihong,25674316-6058714
lemere,jayashre,56105665-7450612
duc,david,96917015-1417157
wang,jyoti,48189873-3313151
manh,edwin,15001805-8218925
perez,hong,14707090-1824136
lum,dawn,58875247-1667140
trang,seema,83335592-9497398
atreya,anit,29272032-4275179
gogineni,seema,56014958-7121962
aligireddy,smita,94221545-1530100
somani,sabrina,83788050-3585109
rao,margaret,19161625-9820244 
larab,craig,75434105-9780785
lifton,john,27855327-1485138
manh,minh,45059518-9360523
nguyen,chau,60031485-6180703
davis,bassam,40211671-1106685
tjahjadi,sabrina,10402031-5995967
mattingly,anjini,23753333-1903429
tseng,phu,19701900-7243131
gogineni,david,67341833-2165828
wang,tuyet,19634489-8980246
halterhoff,john,17968590-5253929
nesbitt,tai,92309584-1231623
betrozoff,hong,46108622-5467437
trang,edwin,16153945-9738310
huang,smita,36698331-2803439
mattingly,sabrina,60063757-2346854
davis,timotius,87083393-1971867
lozito,thuy,37544564-1526227
shamina,sudha,62195194-8155267
farley,rich,30775230-5194142
huang,phyllis,48318062-1349291
gates,nandella,97448183-1300630
jayakumar,tuyet,67625024-1395208
gogineni,david,36882966-2458365
lam,john,83037455-1563525
lemere,mark,17076539-3177411
szeatkate,pratimar,94991807-3224936
heron,rich,15593530-5216750
foster,vivek,64726972-1635325
perez,nitya,22996370-1290186
thai,tina,27104522-5110528
davis,anjini,16021300-7730275
yang,va,72139205-8959139
heron,joanne,26979840-4741138
clark,thuytran,85896903-2078396
tjahjadi,michael,29021020-7646884
leonardi,joanne,96241803-4867216
aligireddy,sylvester,39353986-3202195
daver,beilei,75551799-2673520
tjahjadi,anitha,15435751-1050160
bobbett,anhtuan,51901648-3985178
johnson,tom,30804863-3975245
kong,rich,17341948-9549135
wang,stephen,67754392-2014174
nguyen,dennis,49716001-9221550
wang,sylvester,93917963-5096188
larab,phuong,90804310-6480834
day,nicholas,22693355-1471760
halterhoff,claude,78811648-9467500
liu,edwin,19777786-9506486
wang,william,12137891-4283313
wang,william,60964117-6092129
dutta,ranadhi,60731374-1940245
leon,linda,57733672-6346211
parmar,john,84882953-4342349
day,dennis,17821944-7591115
jadhav,thuytran,80304158-5762162
vu,tuyet,19354796-7178118
jones,trang,89461482-2716692
chen,raymond,64838173-2644133
popa,kevin,44341761-9332308
tseng,nicholas,76142510-1616636
menchaca,chau,49804599-1776656
jayakumar,joanne,90811511-8758487
tjahjadi,tsung,60801885-2036957
manh,stephen,78495212-1740198
kong,sarveta,49272307-1363885
lu,timmothy,37006810-1707129
oxford,pat,17031172-2039539
pham,tsung,18543346-1461770
atreya,edward,29911228-1982309
wong,michaeo,15341341-2355785
bleick,brenda,96911110-4103833
lozito,peng,19321854-1819840
su,zoya,10539781-6334450
steik,lay,70184676-1201384
rewati,markus,25041453-7805105
jadhav,william,51248429-1848334
vu,pratimar,50741512-6984755
bleick,genway,50781460-6173277
foster,felicia,32615453-8398337
weidner,sangeeta,14638025-7214187
thai,joanne,24136284-1171995
smith,linda,93441183-8131971
hu,mark,22707655-9369917
chow,angus,15829289-5358119
dutta,brian,69651582-1525309
gogineni,nandella,65165221-1310736
tran,david,46671688-4266249
johnson,patrick,33921648-1098548
nguyen,hung,85839746-6359427
perez,edwin,44494722-8104932
lew,dawn,11344020-5756142
nesbitt,tuyen,68854327-7333624
dooling,hung,81847614-9208635
ryan,trang,85725838-8306596
parmar,anitha,86443955-1794127
menchacia,chaichang,83147854-3931568
riu,tsung,75942409-1539438
lew,felicia,70835799-3164697
perez,thuytran,56121570-5645746
veeraraghavan,zoya,10246884-9850208
johnson,anhtuan,76983963-7707170
lew,dennis,66401888-5585710
szeatkate,david,24491904-1244392
borghi,quynh,77585971-9672817
hu,phyllis,15391185-6642924
nguyen,rebecca,91252933-1304801
yu,joanne,60472325-1266128
nesbitt,joanne,12953442-8468399
quader,david,10631921-1134987
yu,rita,10722616-5592663
liu,satinder,47681590-6968808
yu,craig,14792655-1520221
lifton,lay,23205249-1334125
hyson,margaret,52455791-1532693
clark,pat,16568578-2311496
markett,phu,73641690-1063982
nguyen,tsung,66323993-1703106
davis,lihong,77804439-3234195
hyson,van,86164149-7532626
reynoso,hy,92811025-1288149
wang,ed,56204115-3381264
huang,nicholas,18176636-2302660
dingare,brian,50553745-4375847
le,brian,17861885-1652942
wang,jayashre,33875432-9876241
wong,sarveta,39046248-3705511
rewati,hung,74782391-7400346
virkar,radhika,94646106-4609106
aligireddy,giao,98255822-2087310
lifton,edwin,81249000-1432188
oxford,quyen,90938860-2322115
betrozoff,hy,55996675-2748434
liu,felicia,14549051-1030841
rao,ban,56321455-2010599
virkar,edward,92878327-7596414
betrozoff,winston,66449650-8770763
szeatkate,winston,89101551-1666954
riu,tsung,58815273-1219655
leon,lay,25096805-1951482
dooling,cheng,39989172-2591268
su,tina,60771137-9361124
borghi,ed,60454983-2479648
dutta,jerry,59386450-5307981
lam,jeffrey,18185438-3912443
johnson,hung,85884360-2448133
rewati,stephen,42905378-5674211
bobbett,purnima,71628200-7366978
lam,phuong,69269451-1345498
hyson,hong,72305652-8560996
lemere,david,63101854-3825254
nguyen,sarveta,11252490-1632148
hu,lay,18806326-6948484
chou,thuytran,19678945-4937243
hu,kevin,23318220-5098744
lum,michael,70737317-1503853
foster,patrick,36043776-1853397
foster,bassam,91241156-1406994
hyson,brian,62928092-8671950
hamilton,rebecca,70808234-4410778
atreya,claude,30596379-3455784
rasmussen,sarveta,56984770-4874951
gates,tuyen,82784815-5539137
hamilton,tsung,11861752-7866162
nguyen,john,65819493-6461110
aligireddy,jay,47321610-4286700
lifton,thuy,29801491-1288134
parmar,ted,68748519-3885920
veeraraghavan,hung,26006171-8274740
rao,larry,67276972-7754566
veeraraghavan,phyllis,92234194-3457916
reynoso,vao,79542240-1595870
liu,mark,57156490-1002461
leonardi,tsung,43038370-2945228
lum,smita,66345875-3200490
shur,chaichang,39223272-4392112
dutta,iosif,99733751-5034115
muehler,yoga,62605721-9029733
vu,john,61306537-8008460
won,cheng,70265190-2980999
hamilton,sylvester,32329229-1934147
bleick,trang,76558868-3088199
lemere,chaichang,19961333-7162135
tseng,ping,98235587-5022802
hong,jay,58492712-8433623
tjahjadi,giao,76028750-3027931
popa,winston,15837391-4425973
davis,sudha,76733047-7522381
rao,margaret,32449291-8689324
betrozoff,sarveta,92323650-6037944
lozito,claude,15686880-2221266
yang,phu,27932690-9217673
kong,nandella,10129784-6533806
lemere,brian,12192324-8611616
dingare,rebecca,26205256-2445121
su,jerry,66314106-8913918
lam,anitha,23541184-1911813
bleick,seema,76241138-1427205
steik,phyllis,12235828-2686800
shur,phuong,38054008-8758568
nesbitt,vivek,14802428-1962160
somani,jerry,31617615-2557256
won,brian,19365805-4144192
hu,david,20659588-9089780
hong,ted,25421566-1335964
parmar,thuytran,95414765-5087446
perez,edwin,58643453-1508918
somani,marie,77961449-1584967
oxford,smita,29708581-3603788
shur,linda,39918907-1753475
chow,hung,12582246-1685904
rao,charles,41787377-2295556
lifton,lihong,10866832-8628750
lew,radhika,14193338-2426170
farley,raymond,10301676-6479146
nguyen,timotius,87314158-5773920
zoller,ping,10082580-3941708
dooling,purnima,16678889-3265645
rasmussen,cheng,75461224-7372774
trang,sangeeta,47314545-6289117
lew,long,39934566-1445810
le,jeffrey,67045248-2395158
hamilton,tuyen,17196191-8071109
steik,bassam,63453341-1150642
jones,beilei,20819963-1753722
cunningham,radhika,49213477-9392200
bleick,minh,98311495-5948146
wang,jyoti,82417715-1259199
wright,michael,21452748-9632206
leon,jay,70611068-4788110
leonardi,claude,20615144-1634103
reynoso,michaeo,95186475-5481381
veeraraghavan,brenda,82961698-2765783
lincoln,ted,55448800-4422775
nguyen,john,31845374-8563107
wong,john,81323427-7167713
lozito,purnima,41892498-2065850
parmar,michael,12062305-9836288
muehler,craig,31449488-3540467
chou,william,19401989-7855554
day,pratimar,90691079-7489380
lu,winston,40518795-1906698
chen,william,93216325-1154197
gogineni,nicholas,23951662-8216837
rao,vivek,49108912-1700189
tjahjadi,michaeo,44177911-1105105
bleick,nandella,58434980-8625509
riu,genway,27082538-1573687
veeraraghavan,sam,95594633-1826509
manh,joanne,41411105-1420232
liu,seema,15834864-1873658
hamilton,seema,97307349-5731548
lifton,quyen,65255891-2328190
smith,giao,81472356-9949664
steik,anitha,15758762-8010978
rasmussen,tom,58505848-3602658
jones,shreemathi,74105255-2179989
trang,quyen,55821300-9701788
mattingly,radhika,49865545-1693586
somani,satinder,17571131-1541160
menchaca,bob,71119261-9774313
shamina,smita,11354901-1093576
mattingly,nandella,80345272-6400160
ryan,markus,98401219-3703293
gogineni,angus,61313648-6146222
veeraraghavan,vivek,20501464-1771619
borghi,jyoti,57529011-5611137
jones,debby,58397485-4722980
yu,chau,95218228-3593106
menchacia,larry,10983815-4853177
menchaca,michaeo,14957684-2279313
ryan,john,26598744-7798566
lew,hung,18409231-1954166
riu,tsung,16409415-7621306
virkar,debby,35891755-8795182
lew,sabrina,62972869-1115563
smith,thuy,98244052-8261906
smith,anit,49342284-1041285
rewati,edward,11731045-1291807
parmar,anjini,85414217-1263583
tefft,ted,10103957-8515266
parmar,john,69326296-2878452
markett,shreemathi,34391930-5017153
borghi,larry,15471613-8388915
ryan,rich,95877631-4392993
manh,charles,37841537-4555729
nguyen,michael,43521947-5755444
pham,gary,12657796-2358886
kim,william,15314842-1492704
larab,edward,45088016-2860275
wong,jeffrey,23135807-4479479
hu,sudha,97601142-5553917
perez,vibha,92506496-7645173
nguyen,rich,47776754-9905279
lifton,joanne,18436661-8641821
hu,diana,42094379-1147148
lemere,iosif,99974328-5039436
chow,winston,72378926-1953815
hyson,anhtuan,15799214-7798106
hu,joanne,12516338-2485361
leon,bob,82526857-9938250
jones,michael,16324053-4186168
wang,anit,13287040-5861266
perez,thuytran,98759494-7929433
nguyen,ed,12321645-9096785
oxford,cheng,14841188-7729737
menchaca,john,19362354-6602213
bleick,anitha,24329900-2208645
wang,sudha,67088902-4499684
hu,greg,53239764-8219903
hu,markus,45941967-6868541
manh,tsung,10946298-1529724
nguyen,kevin,27922025-5135474
chen,satinder,10243437-9867705
nguyen,patrick,17031797-1279748
gogineni,david,58937102-5959706
halterhoff,john,66246077-9847113
tseng,felicia,12237424-1224580
lincoln,anhtuan,38812709-5864140
wang,anit,77021390-1126298
nesbitt,tsung,68137065-1758324
kim,phuong,77052238-4121918
hong,satinder,68827067-5494923
nguyen,long,16814614-9933547
wang,phu,41799299-1394163
chow,tuyen,18483672-4179134
virkar,larry,30263373-9628327
virkar,radhika,12201255-3004129
atreya,vao,29781633-3221294
smith,quynh,20521355-9616859
thai,cheng,62182093-1252523
nguyen,darrell,12741947-7576442
rasmussen,tina,64741097-8732547
atreya,anhtuan,36098616-1039663
quader,tai,54361260-4269503
lam,debby,43532633-1067224
chou,phyllis,18093623-3406791
thai,purnima,50108144-7361342
lu,charles,46281103-8410610
tran,joanne,81909583-6325180
lincoln,thuytran,76799273-8527818
aligireddy,michael,18672821-6557241
tefft,angus,81552773-1278739
jayakumar,sylvester,43809502-7443135
wang,phu,47246692-8111372
lincoln,michael,97803426-2543478
yu,bassam,33514539-6435171
wang,purnima,91883201-3756883
dutta,anit,19238363-4520177
gogineni,tan,32279352-5808183
wang,timmothy,41505943-6510759
wang,joseph,98928440-9918782
shur,tsung,35595563-5656221
mattingly,joanne,64791647-9581164
leon,tina,73814953-6766201
reynoso,winston,76421254-1478420
vu,sudha,66648902-7098670
szeatkate,phuong,90521772-9248684
chow,tuyen,90538626-1787982
wang,ping,47697985-6996188
nguyen,jerry,10858611-1852122
wong,kevin,10546840-6111502
dingare,tsung,32941143-1252356
kim,shreemathi,47473112-1732448
gates,hung,94407731-8449790
tran,minh,12142261-3916470
mattingly,larry,16879343-9409112
leon,smita,60128397-1729645
aligireddy,joanne,60662770-1753199
wang,beilei,20335159-1807112
borghi,trang,43154593-7214196
duc,kevin,45761589-7454504
davis,pratimar,11614589-4845792
wang,sabrina,32344760-6810216
vu,thuytran,52062104-1140180
johnson,bassam,88051934-5234910
quader,peng,62399433-5800109
reynoso,rebecca,89565235-2905891
hu,david,87442617-2505109
atreya,tai,91457217-1706213
chow,phu,16185239-7846778
smith,phuong,94041956-1551868
dingare,gary,99885073-2256956
pham,radhika,21761381-7903588
chow,bob,89111449-5481578
farley,marie,40641855-8950546
le,ping,88797022-2253165
chen,winston,68439696-3822990
pham,margaret,23212920-9365194
kong,trang,19389554-7836500
lu,edwin,86956484-7159827
lew,anit,62252640-1004152
thai,nicholas,99422387-6168489
tjahjadi,hong,51879776-7857239
hamilton,claude,11332246-3926213
rewati,joanne,85782110-1841522
riu,radhika,77057018-2265692
bleick,david,82485042-8794635
thai,cheng,46464994-1266715
markett,heidi,11613410-4503212
duc,tuyen,15696304-8397985
gates,vibha,18939037-8737121
riu,quyen,14901262-9620244
wang,timotius,45247973-7654190
betrozoff,ranadhi,79587888-8795170
parmar,david,93911823-7124663
menchacia,lihong,92502215-9915892
chen,vibha,10741312-3430274
riu,kevin,86135334-1169171
day,quyen,66879764-6566708
dingare,sangeeta,16284792-7261990
shamina,edwin,18682762-2122102
steik,nicholas,97659382-2883468
betrozoff,phyllis,62074569-4077323
lifton,david,98411994-6814625
manh,sylvester,90543795-1635151
riu,tsung,18591133-1914765
perez,william,73085315-8324958
muehler,timotius,10658901-1212799
gogineni,margaret,20971419-2990519
cunningham,anjini,59205356-6272574
veeraraghavan,chaichang,99783451-6280126
daver,shreemathi,36504624-4631711
le,diana,22544131-1831775
parmar,vivek,20201781-9329477
dutta,quynh,17839257-1434374
nguyen,anitha,89018128-7327788
foster,tina,88334201-4410334
rewati,van,65201513-1423323
saini,peng,13567259-6949946
kamasetty,jennifer,11802754-8974401
somani,claude,97173450-2367910
day,hung,42679915-8440189
lew,anjini,79451197-2673362
le,ping,28027471-8622433
smith,anitha,18101408-8142773
farley,zoya,12631366-9333988
nguyen,james,10101544-2028499
lew,calvin,74081748-3456198
markett,nicholas,41284968-9030965
manh,jyoti,50518638-4031160
zoller,satinder,57275987-8297328
betrozoff,john,35927295-4182326
atreya,winston,13842602-4159150
tran,anjini,72718770-4608137
jones,stephen,30121826-5854430
leon,nitya,13129440-1976398
betrozoff,vivek,30977116-4507974
vu,mark,60862956-5247242
szeatkate,joaquin,66769638-1183933
shur,peng,15502607-7601601
veeraraghavan,diana,19135828-1162116
nguyen,nicholas,58461056-7742834
vu,quynh,14951192-1758131
duc,seema,20022649-5470232
perez,diana,86824983-3587182
oxford,greg,49451687-6884854
smith,tsung,34722447-9802850
lew,anit,93836671-2040965
kim,yoga,51938657-2786303
le,zoya,19829927-1786672
smith,quyen,51078967-8813995
reynoso,john,88538012-2517621
smith,nandella,24495140-8909252
larab,ban,34999052-3370963
saini,michael,15337126-3287184
leon,heidi,17466428-1828126
mattingly,jyoti,82812948-9290527
dooling,giao,94245288-4575190
markett,chaichang,33702162-9665282
quader,raymond,14142957-2223659
gogineni,thuytran,94458166-1566464
aligireddy,khanh,68291660-9355131
yu,anitha,24422031-3713236
lincoln,rich,13838887-7584544
kong,tina,30248662-7672208
wright,brian,74226080-6077117
saini,van,10431289-4510602
muehler,yoga,83848224-8684269
su,pat,88037928-1619413
menchaca,william,15813328-1933103
nguyen,cheng,90157050-1623643
virkar,david,20212080-1679130
leon,quynh,33341860-2819297
vu,seema,13274021-1766190
duc,thuytran,59601666-1608160
tran,hung,99051010-3877959
reynoso,jayasree,77181339-1536551
virkar,phyllis,81845385-3453124
gogineni,felicia,31295665-1228248
oxford,hy,17451371-8886991
lifton,linda,19507284-1476378
bleick,seema,37987819-9913532
weidner,winston,19194922-8434122
clark,hong,15348084-8260911
markett,trang,92741489-1647947
le,smita,19853860-3828523
trang,nicholas,12393017-4866303

